query_id,question,category,topic,action,target_article,related_articles,gap_description,confidence,score
69d4c7c0a0b93dcd423aa433_4753,"ne of our employees keeps requesting leave that violates our internal policy, and managers are getting frustrated. How exactly would AttendanceBot handle this conversation step-by-step with the employee?",LEAVE,AttendanceBot policy violations,doc_update,How AttendanceBot handles policy violations in leave requests,How can I apply for leave in Slack with AttendanceBot?; What can a manager do in AttendanceBot?; How to cancel / retract / rescind / delete a leave request?,The articles do not provide specific guidance on handling policy violations in leave requests.,high,2.6
69d4b9e52e81bb09edee78e4_1919,Cancel membership,BILLING,Cancel membership process,doc_update,How to cancel / retract / rescind / delete a leave request,How to deactivate a user in AttendanceBot; How to inactivate users?; How to cancel / retract / rescind / delete a leave request,The articles do not provide specific instructions on canceling a membership.,high,3.0
69d3d8792e81bb09eded701a_4415,how do i connect you with googlesheet so can transfer data in automode to google sheet,INTEGRATIONS,Connecting AttendanceBot to Google Sheets,doc_update,Installing AttendanceBot in Google Chat & Introducing New Users,Installing AttendanceBot in Google Chat & Introducing New Users; How to send hours to Gusto for payroll,Lacks specific guidance on connecting AttendanceBot to Google Sheets for automatic data transfer.,high,2.8
69d2de4c57ac76d230262cad_9820,why is my plotted vacation leave not included in my hours?,LEAVE,Vacation leave inclusion,doc_update,What are the different kinds of leaves?,How to apply for recurring leave or hybrid status; What are the different kinds of leaves?,The articles do not provide specific guidance on checking leave settings or why vacation leave may not be included in hours.,high,3.8
69d196c557ac76d230243284_2796,Cancel membership ,BILLING,Cancel membership process,doc_update,How to cancel a membership,How to deactivate a user in AttendanceBot; How do I uninstall AttendanceBot from Google Chat?,The retrieved articles do not contain specific instructions on how to cancel a membership.,high,2.4
69ce7b10b1e92607b3260468_5232,I want to add an appt at 11 on 4/29 ,GENERAL,Appointment scheduling process,doc_update,How to apply for time off for half a day or few hours?,Taking time off; How to apply for time off for half a day or few hours?; How to view and claim open shifts,The articles do not provide specific steps for adding an appointment.,high,3.0
69cdb70beb78d073c3953709_9309,how make manger in bot,MANAGER,Creating a manager in bot,doc_write,How to create a manager in AttendanceBot,How to setup lunch hours for your team; How to use shift management and create shifts for your team,The retrieved articles do not address how to create a manager role in the bot.,high,2.4
69cad6258d1c2e5654876eab_499,I need a live ag3nt,GENERAL,Contacting a live agent,doc_write,How to contact a live agent,Adding New Users to Hangouts/Google Chat; How to swap or reassign shifts; How to configure shift alerts,No articles provide instructions for contacting a live agent.,high,2.4
69caa51c4d52b130a016c498_3650,is timesheet custom range not working?,TIMESHEET,custom range issue,doc_update,How to approve the timesheets of my reportees,How to approve the timesheets of my reportees; How do I unlock the timesheet that's approved?,The articles do not address the custom range functionality or troubleshooting steps related to it.,high,3.4
69c9809b98f5801bc941df2e_4509,hui! how you can help-me?,GENERAL,Assistance with AttendanceBot,doc_update,How can I get help from AttendanceBot support?,"How can I get help from AttendanceBot support?; Getting Started, Action Menu Buttons, and Help Navigation",The articles do not provide specific guidance on how to ask for help or what questions can be addressed.,high,3.6
69c9809b98f5801bc941df2e_9250,"Ok, but this still feels very generic.
I have a real situation: one of our employees keeps requesting leave that violates our internal policy, and managers are getting frustrated.
How exactly would AttendanceBot handle this conversation step-by-step with the employee?",LEAVE,Handling policy violations,doc_update,What can a manager do in AttendanceBot?,How can I apply for leave in Slack with AttendanceBot?; What can a manager do in AttendanceBot?,The articles do not provide specific guidance on handling leave requests that violate internal policy.,high,2.6
69c97ac2e84270d447a8ef6e_375,what kind of information you have?,LEAVE,Leave tracking and planning,doc_update,Leave Tracking and WFO/WFH Planning,What are my reporting options and what do the different reports do?; Checking Your Leave Balance; How can I generate reports?,Lacks specific details about leave tracking and WFO/WFH planning functionalities.,high,4.4
69c97ac2e84270d447a8ef6e_3280,That sounds risky for companies relying on automated payroll. Are there other situations where the accuracy of the data depends heavily on user actions or specific configurations?,GENERAL,user actions impact data accuracy,doc_update,How to bulk update employee data using import / export functionality,Understanding future balance deduction against payroll versus instant deduction; How to bulk update employee data using import / export functionality; How to generate a payroll report in Slack with AttendanceBot,The articles mention data accuracy but do not provide specific examples of situations where user actions impact accuracy.,high,2.4
69c97ac2e84270d447a8ef6e_9649,Can you help me draft a short email to my team explaining these risks and what to watch out for?,GENERAL,Drafting email for risks,doc_write,Email Drafting Guidelines,Time/Task tracking; AttendanceBot Plans and Features; What can a manager do in AttendanceBot?,No guidance on drafting emails related to risks,high,3.4
69c97ac2e84270d447a8ef6e_8834,"great, thanks! thisis helpful. Can you include what could happen if these steps are not followed properly?",LEAVE,Consequences of not following steps,doc_update,Approval routing and multi-level approvals for leaves,Getting Started; How to bulk update employee data using import / export functionality; Approval routing and multi-level approvals for leaves,The articles mention approval processes but do not specify consequences of not following steps.,medium,2.8
69c95983e84270d447a857a3_8840,"In the previous session with this bot, you shared the export API URL. Could you resend it here so I can continue debugging?",GENERAL,export API URL,doc_update,API Documentation,API Documentation,The articles mention API documentation but do not provide the specific export API URL.,high,2.4
69c95983e84270d447a857a3_283,"Could you explain how AttendanceBot handles data export internally? For example, what kind of endpoints or data structures are typically used?",GENERAL,AttendanceBot data export,doc_update,API Documentation,How to bulk update employee data using import / export functionality; API Documentation,Specific endpoints and data structures for data export are not detailed in the retrieved articles.,high,3.0
69c95983e84270d447a857a3_7587,I already have partial API access but missing the logs endpoint—can you confirm if it follows the same pattern as /v1/time_entries or similar endpoints?,GENERAL,logs endpoint pattern,doc_update,API Documentation,API Documentation,Specific pattern or details about the logs endpoint are missing in the retrieved documentation.,high,3.6
69c6ed5ce84270d447a0f1ec_5996,chnage start time,TIMESHEET,changing start time,doc_update,How to edit or delete punch in and out times,How to edit or delete punch in and out times; How to view and claim open shifts,The article does not provide specific actionable steps for changing the start time.,high,4.2
69c5eecfe2e653adc0dd4d8b_3397,"I want to prohibit clocking in and out via Slack on mobile devices.

Can attendancebot do that?",TIMESHEET,Prohibiting clocking in via mobile,doc_update,How to track time in Slack using AttendanceBot,How to track time in Slack using AttendanceBot,The articles do not provide specific instructions on prohibiting clocking in and out via mobile devices.,high,2.6
69c56651f9294436f0b6d561_3572,how can I export all current leaves,LEAVE,Exporting current leaves,doc_update,How to export current leaves,What are the different kinds of leaves?; Checking Your Leave Balance; How to view overlapping leaves as an approving manager,The retrieved articles do not provide specific steps or information on how to export leaves.,high,2.4
69c5263f3b233600fc611738_5048,cancel account,GENERAL,Account cancellation process,doc_update,How to cancel / retract / rescind / delete a leave request,How to change account admin; How to deactivate a user in AttendanceBot; How to cancel / retract / rescind / delete a leave request,The retrieved articles mention related topics but do not provide specific instructions on how to cancel an account.,high,2.8
69c2b12687df049fd2552f00_4376,We wish to cancel the AttendanceBot subscription,BILLING,Cancel AttendanceBot subscription,doc_update,How to cancel AttendanceBot subscription,How to uninstall AttendanceBot from Slack; How do I uninstall AttendanceBot from Google Chat ?,The retrieved articles do not contain specific instructions for canceling the subscription.,high,2.4
69c17235d2b3cf26b8a0df8f_8452,"Hi, I have a question about slack teams. ",GENERAL,Slack teams functionality,doc_update,How to use Slack onboarding functionality,How to use Slack onboarding functionality; How leave approval works in Slack; What are the different roles?,"The articles do not specifically address questions about Slack teams, leading to a lack of actionable information.",high,2.8
69c17235d2b3cf26b8a0df8f_8848,"Regarding Slack Teams, do the users need to be all under the same email domain? Or can they use their personal emails to be included in the employee goup?",SETUP,Email domain requirements for Slack,doc_update,How to use Slack onboarding functionality,What are the different roles?; How to use Slack onboarding functionality; How do I invite new users on my team to start using AttendanceBot?,The articles do not provide specific information about whether users need to be under the same email domain or can use personal emails.,high,3.4
69c161c3e38d70dd8d1af329_1569,delete account],GENERAL,Account deletion process,doc_update,How to deactivate a user in AttendanceBot,How to deactivate a user in AttendanceBot,The articles mention user deactivation but do not provide specific instructions for account deletion.,high,3.6
69c152fafdcff79626fec9e7_5897,Cancel my subscription,BILLING,Cancel subscription process,doc_update,How to cancel / retract / rescind / delete a leave request,How to cancel / retract / rescind / delete a leave request,The retrieved articles mention cancellation but do not provide specific instructions for canceling a subscription.,high,3.6
69be838ee183cd31d0453bba_1831,how do i log my hours?,TIMESHEET,Logging hours in AttendanceBot,doc_update,How to log hours in AttendanceBot,How to send hours to Gusto for payroll; How do I get the summary or report of my time in office?,Lacks details on using the menu interface for logging hours.,high,4.2
69bda157e183cd31d041faf1_2770,Hello! Where can we find the Attendancebot Team ID?,GENERAL,Finding AttendanceBot Team ID,doc_update,How can I get help from AttendanceBot support?,How can I get help from AttendanceBot support?; How do I install AttendanceBot in Slack?; How do I learn more about the product?,The articles do not provide specific instructions on locating the AttendanceBot Team ID.,high,3.8
69bd41c0347a013eb29ebfd4_4432,how do I delete my account?,GENERAL,Account deletion process,doc_write,How to delete your account,How do I uninstall AttendanceBot from Google Chat ?; How do I delete a leave applied by a member of my team?; How to cancel / retract / rescind / delete a leave request,No articles retrieved contain information on account deletion.,high,2.4
69bc49bb35059d3d8876e767_8079,I would like to cancel our accunt but can't find where to do that,BILLING,Account cancellation process,doc_update,How to cancel an account,How to cancel / retract / rescind / delete a leave request,The retrieved articles do not contain specific instructions on how to cancel an account.,high,2.4
69b9f98a7948efb15358ede9_63,what I mean is here in AttendanceBot,GENERAL,AttendanceBot assistance,doc_update,How do I learn more about the product?,How do I learn more about the product?; How do I install AttendanceBot in Slack?; I don't use Slack or Microsoft Teams. Can I still use AttendanceBot?,The articles do not provide specific guidance on how to get help with AttendanceBot inquiries.,high,4.0
69b9f98a7948efb15358ede9_1400,"is there other way, like punching in in a separate channel?",TIMESHEET,punching in via channel,doc_update,How to edit or delete punch in and out times,How to edit or delete punch in and out times; What can a manager do in AttendanceBot?; How to set up punch in/out reminders,The articles do not specifically address the possibility of punching in via a separate channel.,high,2.6
69b970fcf6eeb1331e96944f_7127,I failed to approve a leave request. Can I add it manually,LEAVE,Manual leave request addition,doc_update,How to change or edit an existing approved leave,How to change or edit an existing approved leave; How to cancel / retract / rescind / delete a leave request,The articles do not provide specific guidance on manually adding a leave request that was not approved initially.,high,2.8
69b114ae95368ad7d792a016_6831,How do I set the timer for out?,SETUP,Setting timer for punch-out,doc_update,How to set up punch in/out reminders,How to set up punch in/out reminders,The articles do not provide specific instructions on how to set the timer for punch-out.,high,3.6
69b0f0cb8ab334c34adf1b7f_6066,"Hello,
I hope you are doing well :)

I am reaching out to propose a link exchange collaboration between your site and our site. Given our overlapping audiences, I believe a partnership would mutually benefit our SEO and online presence.

Please let me know if you are open to discussing the details further.

Best regards,

",GENERAL,link exchange collaboration,doc_write,Link Exchange Collaboration Guidelines,,No articles address link exchange collaborations or provide contact methods for such inquiries.,high,2.8
69b07e571da7dca62d2e4fa0_2564,need to giver permission to staff to change time,TIMESHEET,staff permission to change time,doc_update,How to approve the timesheets of my reportees,How to approve the timesheets of my reportees,The articles do not provide specific steps for granting permission to change time.,high,2.8
69b031d1fd3d82a2b9153aa9_8370,I am having trouble updating Nemo Swift's time sheet on the backend.  He forgot to clock out and I am trying to adjust it but it just times out and gives me a 'Server Error',TIMESHEET,Updating timesheet errors,doc_update,How to edit or delete punch in and out times,How to edit or delete punch in and out times; How do I unlock the timesheet that's approved?,The articles do not provide troubleshooting steps for server errors or timeout issues.,high,4.0
69a9d9a2e1f889c28189a203_1225,how to make it where the employee can see the site they are working,GENERAL,employee site visibility,doc_update,How to view my shifts and the shifts of my employees,How to view my shifts and the shifts of my employees; How do I find my missing employee profile on the dashboard? (Slack),The articles mention shift viewing but do not specifically address how employees can see the site they are working on.,medium,2.6
69a0ee02fa2b538cd0e3aaa3_2560,"hi, is that possible to ask for refund of 2026's payment and pay by another card? ",BILLING,refund process and payment method,doc_update,Refund Policy and Payment Method Changes,How do I change my credit card details?; Billing - how do I download past invoices or receipts?; Billing - how does adding or removing users affect my billing?,The articles do not provide specific guidance on how to request a refund for future payments or change payment methods.,high,3.8
699f29319eaf8931662373c9_5387,My password is showing undefined ,GENERAL,password showing undefined,doc_write,How to troubleshoot password issues,How do I change my credit card details?; How do I find my missing employee profile on the dashboard? (Slack); How do I unlock the timesheet that's approved?,No relevant articles retrieved that address the issue of passwords showing as undefined.,high,3.2
699cdf64d5f234c4135227ef_6790,how can i view all upcoming leaves,LEAVE,Viewing upcoming leaves,doc_update,How to view overlapping leaves as an approving manager,How to view overlapping leaves as an approving manager; Checking Your Leave Balance,The article does not provide a method to view all upcoming leaves.,high,2.4
699c3140cce2d6ab960dad0f_418,I'd like AttendanceBot to send slack channel notification when Leave Request is approved by manager.,NOTIFICATIONS,Slack channel notifications for leave approval,doc_update,How leave approval works in Slack,How leave approval works in Slack; What can a manager do in AttendanceBot?,Lack of information on configuring Slack notifications for leave approvals,high,3.2
699c3140cce2d6ab960dad0f_418,I'd like AttendanceBot to send slack channel notification when Leave Request is approved by manager.,NOTIFICATIONS,Slack channel notifications for leave approval,doc_update,How leave approval works in Slack,How leave approval works in Slack; What can a manager do in AttendanceBot?,Lacks specific instructions for setting up Slack notifications for leave request approvals,high,3.2
699bd32bee804baaf5651245_7784,end me your mail,GENERAL,support email information,doc_write,How to contact support via email,,The specific email address for support is missing from the retrieved articles.,high,3.6
69997ef8ee804baaf55d11d1_6834,Where I get my registration number ,GENERAL,registration number inquiry,doc_write,How to find your registration number,Billing - how do I download past invoices or receipts?; How do I change my credit card details?; How can I generate reports?,No articles retrieved contained information about obtaining a registration number.,high,2.4
6997eff900b7ee544bf7d57f_7913,want your email for guest posting,GENERAL,guest posting email request,doc_write,Guest Posting Guidelines,,No information on guest posting opportunities or contact email available in the knowledge base.,high,2.4
699625ada92ff4779ec8548a_7119,how do i add my vacation to the calendar?,LEAVE,Adding vacation to calendar,doc_update,How to use and configure the AttendanceBot vacation calendar,How to use and configure the AttendanceBot vacation calendar,The articles do not provide specific actionable steps for adding a vacation to the calendar.,high,3.8
699625ada92ff4779ec8548a_8102,annual leave,LEAVE,Applying for annual leave,doc_write,How to apply for annual leave,How to setup accrual rules and leave quotas based on company policy; What are the different kinds of leaves?,The answer focused on setting up annual leave instead of the application process.,high,3.8
699625ada92ff4779ec8548a_2567,schedule pto FROM 20TH JUNE TO 27TH JUNE,LEAVE,PTO scheduling process,doc_update,How to apply for recurring leave or hybrid status,How to create employee specific work schedules?; How to apply for recurring leave or hybrid status,Lacks specific steps for initiating PTO request and confirmation process,high,3.8
6994a5c400b7ee544be90da3_8002,please confirm my meeting time??,GENERAL,Meeting confirmation process,doc_write,How to confirm meeting times,How to edit or delete punch in and out times; How to manage AttendanceBot timezone for Slack employees; How to track time in Slack using AttendanceBot,No articles retrieved that specifically address meeting confirmation.,high,3.0
699152d036fcfc1d2cf488ae_5517,I need to know if I can turn on IP restriction to stop certain employees from clocking out from non-company IP addresses. My settings menu is missing it. Appreciate your help. - Daniel,SETUP,IP restriction settings,doc_update,How to set up IP restrictions in AttendanceBot,How to set up auto-punch out for my employees; What can a manager do in AttendanceBot?,"The articles retrieved do not address IP restriction settings specifically, leading to a lack of actionable information.",high,2.8
698d8cc65555cf7c4b6283ed_3401,email address for guest posts,GENERAL,guest posts email address,doc_write,Guest Post Submission Guidelines,,No articles retrieved contained information about guest post email addresses.,high,2.4
698d81c45555cf7c4b623d32_2144,do you have integration with Xero?,INTEGRATIONS,Xero integration details,doc_write,How to integrate with Xero,How to integrate calendars; How to send hours to Gusto for payroll; How to integrate your calendar with AttendanceBot for Slack,No articles retrieved contain information about Xero integration,high,2.8
698cac1990dd4a828cd8b693_5342,thanks. Can I only enable reminders for some people?,NOTIFICATIONS,Enabling reminders for individuals,doc_update,How to set up punch in/out reminders,How to set up punch in/out reminders; How to configure calendar permissions,The articles do not explicitly state that reminders cannot be set for specific individuals.,high,4.2
698cac1990dd4a828cd8b693_7431,"Hi! How can I enable reminders for selected people? I can only see the ""everyone"" option",NOTIFICATIONS,Enabling reminders for individuals,doc_update,How to set up punch in/out reminders,How to set up punch in/out reminders; How to configure calendar permissions,The articles do not provide specific instructions on enabling reminders for selected individuals.,high,2.4
698ca6aa90dd4a828cd87d2b_3362,"No, I'm the office manager and I've already approved PTO but people didnt get paid... ",LEAVE,PTO payment issues,doc_update,How to approve the timesheets of my reportees,How to approve the timesheets of my reportees; How do I unlock the timesheet that's approved?,The articles do not address the issue of PTO payment processing after approval.,high,3.4
698b683e11c1c8f399a8f7a7_6752,"Hi, I am the admin for our account; but I can't login. I get this error: Unauthorized access. You are not allowed to access this URL. ",GENERAL,Unauthorized access error,doc_update,How to change account admin,How to change account admin,The articles do not address the specific unauthorized access error or provide troubleshooting steps.,high,3.4
6984be791e920a0f1651a870_3899,How does setting pTO limits work on the back end for managers?,LEAVE,PTO limits for managers,doc_update,How to configure overtime and time off in lieu (TOIL) rules?,How to configure overtime and time off in lieu (TOIL) rules?; How to configure and use time-off-in-lieu (TOIL) (Slack),The articles mention TOIL but do not specifically address PTO limits for managers.,high,2.6
698428bd234e34111ac11c35_7319,cancel subscription,BILLING,Cancel subscription process,doc_write,How to cancel your subscription,How do I change my credit card details?; How do I uninstall AttendanceBot from Google Chat ?; Billing - how does adding or removing users affect my billing?,No articles retrieved contained information on how to cancel a subscription.,high,2.6
6983f522234e34111abfb0d1_2129,Please cancell billing,BILLING,Canceling billing process,doc_update,Billing - how to cancel billing,Billing - how does adding or removing users affect my billing?; Billing - how do I download past invoices or receipts?,The retrieved articles do not provide specific instructions for canceling billing.,high,3.2
6983f303234e34111abf9eab_4468,Cancel subscription ,BILLING,Cancel subscription process,doc_write,How to cancel your subscription,How do I change my credit card details?; How do I uninstall AttendanceBot from Google Chat?; How to uninstall AttendanceBot from Slack,No articles retrieved contained information on how to cancel a subscription.,high,2.6
6983e374234e34111abf1fbf_2811,I need to cancel my subscription,BILLING,Cancel subscription process,doc_update,How to cancel / retract / rescind / delete a leave request,How to cancel / retract / rescind / delete a leave request,The article does not provide specific instructions on how to cancel a subscription.,high,3.4
69837c1aa8efb646ca3be28c_4039,why cant I adjust the amount of sick time?,LEAVE,Adjusting sick time policies,doc_update,How to setup accrual rules and leave quotas based on company policy,How to setup accrual rules and leave quotas based on company policy,The articles do not provide specific steps or conditions for adjusting sick time.,high,4.2
69827ded3e7c490a8b3c2876_4281,How to cancel subscription,BILLING,Cancel subscription process,doc_update,How to cancel / retract / rescind / delete a leave request,How do I change my credit card details?; How to cancel / retract / rescind / delete a leave request,Specific instructions on how to cancel a subscription are missing from the retrieved documents.,high,2.8
69827ded3e7c490a8b3c2876_9939,I would like to cancel our subscription,BILLING,Cancel subscription process,doc_update,How to cancel / retract / rescind / delete a leave request,How to cancel / retract / rescind / delete a leave request,The retrieved articles mention cancellation but do not provide the specific process for canceling a subscription.,high,2.4
6981f3d54480a1239c5fb344_7946,"Hello, how I can add VAT and other data to the invoice?",BILLING,Adding VAT to invoice,doc_update,Billing - how do I download past invoices or receipts?,Billing - how do I download past invoices or receipts?; Billing - how does adding or removing users affect my billing?,The articles retrieved do not specifically address how to add VAT to an invoice.,high,2.4
69814b0a4480a1239c5daf8b_9138,can i use vpn?,GENERAL,VPN usage with AttendanceBot,doc_write,VPN Usage with AttendanceBot,I don't use Slack or Microsoft Teams. Can I still use AttendanceBot?,No articles retrieved contained information about VPN usage.,high,3.0
697ff53002cef53e47edaee7_7911,Please cancel my subscription,BILLING,Cancel subscription process,doc_update,How to cancel / retract / rescind / delete a leave request,How to cancel / retract / rescind / delete a leave request,The article does not provide specific instructions for canceling a subscription.,high,3.4
697fc81653d0167dd04f471f_2999,how to change billing rates in a free account,BILLING,changing billing rates free account,doc_update,Billing - how does adding or removing users affect my billing?,Billing - how does adding or removing users affect my billing?; How AttendanceBot calculates billing amount for billable clients,The articles do not specifically address how to change billing rates in a free account.,high,2.6
697ea4167607a7176d35f983_8881,"Hi, I am trying to delete upcoming shifts due to a schedule change, and the request just spins and never resolves. When I refresh the page the shift is still there.  I've restarted my pc and browser, no help there. ",TIMESHEET,Deleting upcoming shifts,doc_update,"How to cancel, re-assign, or swap shifts as an employee","How to cancel, re-assign, or swap shifts as an employee",The article does not provide specific steps for resolving technical issues related to deleting shifts.,high,3.2
697dd3ec53d0167dd044fccf_9955,how to edit one employee time zoen ,SETUP,Editing employee time zone,doc_update,How to edit or delete punch in and out times,How to edit or delete punch in and out times; What can a manager do in AttendanceBot?,The articles mention editing times but do not specifically address how to edit an employee's time zone.,high,2.6
697caa55110a34f4459f64d1_7319,cancel subscription,BILLING,cancel subscription process,doc_write,How to cancel your subscription,How do I change my credit card details?; How do I uninstall AttendanceBot from Google Chat ?; Billing - how does adding or removing users affect my billing?,No articles retrieved contained information on how to cancel a subscription.,high,2.6
697a7fff6d7cdacd07f28786_8452,Attendancebot is being weird again. Plz fix,GENERAL,AttendanceBot issues,doc_update,I'm getting an error message 'You are viewing the archives of a deactivated account' while accessing AttendanceBot in Slack. What should I do?,I'm getting an error message 'You are viewing the archives of a deactivated account' while accessing AttendanceBot in Slack. What should I do?; AttendanceBot Plans and Features; How do I add admin users?,The retrieved articles mention a specific error but do not provide troubleshooting steps or context for the user's vague issue.,high,2.6
697835ee2d5572552d25d316_4825,• ‘ticket’ : 이메일을 통한 담당자(사람) 지원을 받기,GENERAL,email support ticket process,doc_update,How can I get help from AttendanceBot support?,How can I get help from AttendanceBot support?; Ticket Response Time,The articles do not provide specific instructions on how to open a ticket via email.,high,2.8
69779ec72d5572552d23cd28_6882,if we only have one hourly empoyee can we use it for free,BILLING,AttendanceBot free usage,doc_update,How to use AttendanceBot to calculate employee wage?,How to configure overtime and time off in lieu (TOIL) rules?; How to use AttendanceBot to calculate employee wage?; Work Model - Hybrid or Fully Remote,The articles do not specifically address the pricing structure for using AttendanceBot with one hourly employee.,high,3.4
697704e17d0635d7748f38f0_3177,I want a refund.,BILLING,Refund processing information,doc_write,How to process refunds,Billing - how do I download past invoices or receipts?; How do I change my credit card details?,No articles retrieved related to refund processing,high,3.4
697704e17d0635d7748f38f0_7223,Cancel my account,GENERAL,Account cancellation process,doc_update,How to deactivate a user in AttendanceBot,How to deactivate a user in AttendanceBot,Specific instructions on how to cancel an account are missing from the retrieved documents.,high,2.8
697704e17d0635d7748f38f0_4521,I just completed the payment and would like to request a refund.,BILLING,refund request process,doc_update,Refund Request Process,Billing - how do I download past invoices or receipts?; How to cancel / retract / rescind / delete a leave request; How do I change my credit card details?,The articles do not provide specific instructions on how to request a refund.,high,3.2
697704e17d0635d7748f38f0_360,"I just made a payment and would like to request a refund.
Please assist. Thank you.",BILLING,refund request process,doc_update,Refund Request Process,Billing - how do I download past invoices or receipts?; How to cancel / retract / rescind / delete a leave request; How do I change my credit card details?,The articles do not provide specific instructions on how to request a refund.,high,2.4
697350049649f60003711899_1385,Where can I see attendancebot code,GENERAL,AttendanceBot code access,doc_update,How do I learn more about the product?,How do I learn more about the product?,The articles do not provide specific information on where to find AttendanceBot's code.,high,3.2
6972662695d84cb58a239c3d_4006,is it possible to integrate it in dicord?,INTEGRATIONS,Discord integration guidance,doc_update,How to integrate AttendanceBot with Discord,Adding New Users to Hangouts/Google Chat; How to integrate calendars; How to integrate Jira with AttendanceBot,The retrieved articles do not provide specific guidance on integrating AttendanceBot with Discord.,high,2.6
696fb622e944e0e2ad1ecd33_1506,The reports are not too friendly. Is there a way for us to customize a report?,REPORTS,Customizing report options,doc_update,How to generate a report with specific filters,How to generate a report with specific filters; How can I generate reports?; How to schedule reports,The articles do not provide specific customization options for reports beyond filters and scheduling.,high,3.6
696d66db7f64db07c0948221_7753,how to calculate pay rate in sick days,LEAVE,Calculating pay rate for sick days,doc_write,How to calculate pay rate for sick days,How to setup accrual rules and leave quotas based on company policy,No relevant articles retrieved that address the calculation of pay rates for sick days.,high,2.6
696d59b77f64db07c0945af3_8367,can you schedule automatic breaks,SETUP,automatic breaks scheduling,doc_update,How to set up auto-punch out for my employees,How do I apply for lunch or break with AttendanceBot in Slack?; How to set up auto-punch out for my employees?; How to setup lunch hours for your team?,The articles mention related topics but do not provide specific instructions on scheduling automatic breaks.,high,3.8
696bcccd7f64db07c08f00ad_937,timesheet report 1/1/26-1/11/26,REPORTS,timesheet report generation,doc_update,How do I get the summary or report of my time in office?,How do I get the summary or report of my time in office?; What are my reporting options and what do the different reports do?,Lacks detail on selecting employee filter and command format,high,4.2
696bcccd7f64db07c08f00ad_6486,i am an admin and need this for each employee,GENERAL,Employee information request,doc_update,How do I assign managers for my employees?,How do I add admin users?; What are the different roles?; How do I assign managers for my employees?,The articles do not provide specific information for each employee as requested by the user.,high,2.8
696a478a7f64db07c0885bfc_7252,ATTENDANCE BOT NOT WORKING AS IT SHOULD/AS NORMAL. HOMEPAGE OF ATTENDANCE BOT NOT LOADING,GENERAL,Attendance Bot homepage loading issue,doc_update,Troubleshooting Attendance Bot homepage loading issues,"I'm getting an error message ""You are viewing the archives of a deactivated account"" while accessing AttendanceBot in Slack. What should I do?",The articles retrieved do not address homepage loading issues or provide troubleshooting steps.,high,3.4
69691f595dc0162d1edab6c0_2461,"I want an API for Person Unavailable
 PTO. Basically, you already have a calendar that shows when people are on PTO but we have this published on on a shared calendar in 365. So I want the API so I can have this pull and add to 365 calendar. ",INTEGRATIONS,API for PTO calendar integration,doc_update,How to integrate calendars,How to use and configure the AttendanceBot vacation calendar; How to integrate calendars; How to configure calendar permissions,The articles do not provide specific API details for integrating PTO with a shared calendar.,high,2.8
6967b5dd75e3100c66af0252_9456,Please help cancel the account.,GENERAL,Account cancellation process,doc_update,How to cancel / retract / rescind / delete a leave request,How to cancel / retract / rescind / delete a leave request; How do I uninstall AttendanceBot from Google Chat ?,The articles retrieved do not provide specific instructions for canceling an account.,high,3.2
69676dad6e764d79bf1c2b00_7471,how do I cancel my subscription?,BILLING,Cancel subscription process,doc_update,How to cancel / retract / rescind / delete a leave request,How to cancel / retract / rescind / delete a leave request,The article does not provide specific instructions on how to cancel a subscription.,high,2.6
6966ad7fb14f5c52213221a7_2013,I'm a admin how do I remove myself from a schedule,MANAGER,Removing admin from schedule,doc_update,"How to cancel, re-assign, or swap shifts as an employee","How do I add admin users?; How do I delete a leave applied by a member of my team?; How to cancel, re-assign, or swap shifts as an employee",The articles mention shift management but do not provide specific steps for an admin to remove themselves from a schedule.,high,2.8
6966592999e706572bf041fa_3947,I have an employee McKenna Miller who cannot submit any PTO in the bot. She can punch in and out just can't put PTO or Makeup time in. Can you help?,LEAVE,PTO submission issue,doc_update,How to submit PTO in AttendanceBot,What can a manager do in AttendanceBot?; How to edit or delete punch in and out times,The articles retrieved do not specifically address the process for submitting PTO or Makeup time.,high,3.6
696523036e764d79bf11e523_4468,Cancel subscription ,BILLING,Cancel subscription process,doc_write,How to cancel your subscription,How do I change my credit card details?; How do I uninstall AttendanceBot from Google Chat?; How to uninstall AttendanceBot from Slack,No articles retrieved contained information on how to cancel a subscription.,high,3.4
6961612a46c27cd2396e32f3_1308,i need this from the bot within teams,GENERAL,AttendanceBot usage in Teams,doc_update,How can I get help from AttendanceBot support?,How can I get help from AttendanceBot support?; AttendanceBot Plans and Features; How do I invite new users on my team to start using AttendanceBot?,The articles do not provide specific actionable steps for using AttendanceBot within Teams.,high,3.2
695fd6a74d0cfacdf09f9c1b_1630,How do I cancel,LEAVE,Canceling leave request,doc_update,How to cancel / retract / rescind / delete a leave request,"How to cancel / retract / rescind / delete a leave request; How to cancel, re-assign, or swap shifts as an employee",The articles provide general information but lack specific step-by-step instructions for canceling a leave request.,high,4.4
695f296d4fa7ec5890a8747a_9822,demo for signup ,SETUP,signup demo instructions,doc_update,Getting Started,Getting Started; How long is my AttendanceBot trial?; How to use Slack onboarding functionality,Specific signup demo instructions are missing from the retrieved articles.,high,3.4
695dfdd9c30c15dd9847cfd9_8033,invite page,GENERAL,invite page information,doc_update,Adding New Users to Hangouts/Google Chat,"Adding New Users to Hangouts/Google Chat; Getting Started, Action Menu Buttons, and Help Navigation",The articles mention user management but do not provide specific details about an invite page.,high,2.6
695dc875c30c15dd98473fb0_2721,why am I not able to punch in and out using the web portal?,TIMESHEET,punch in and out issues,doc_update,How to edit or delete punch in and out times,How to edit or delete punch in and out times; How to set up auto-punch out for my employees,The articles do not provide specific troubleshooting steps for web portal punch in and out issues.,high,3.4
695d16fa56d52c750477ffdf_8228,Can’t login with slack,GENERAL,Slack login issues,doc_update,"I'm getting an error message ""You are viewing the archives of a deactivated account"" while accessing AttendanceBot in Slack. What should I do?","I'm getting an error message ""You are viewing the archives of a deactivated account"" while accessing AttendanceBot in Slack. What should I do?",The article does not provide specific troubleshooting steps for login issues related to account status.,high,3.0
695cd3bb56d52c750476e7c2_5895,We've been having issues with tracking out work hours as the buttons for start work / end work are always only loading and there is no way for us to click the buttons. Can you please let me know if this is a wide issue or just a temporary? ,TIMESHEET,Tracking work hours issue,doc_update,Time/Task tracking,Time/Task tracking; How to track time in Slack using AttendanceBot,The articles do not provide troubleshooting steps for loading issues with the buttons.,high,3.2
695bea97f3133ed065ac46f9_7956,I need to send some an invite to attendance bot  on slack ,SETUP,Inviting AttendanceBot to Slack,doc_update,How do I invite new users on my team to start using AttendanceBot?,How do I install AttendanceBot in Slack?; How to setup Slack channel notifications with AttendanceBot,The articles do not provide specific instructions on inviting AttendanceBot to a Slack channel.,high,3.2
6958a7530a138baf3eb595c4_7918,how to change language to chinese?,GENERAL,Changing language settings,doc_write,How to change language settings to Chinese,How to change default date format; How do I uninstall AttendanceBot from Google Chat ?; How do I change my credit card details?,No articles retrieved contain information on changing language settings.,high,2.4
6957f51e0a138baf3eb2df4a_2541,"If I updrade to Pro now, will it be prorated since I already paid for a full year of basic in June 2026?",BILLING,Prorating Pro upgrade,doc_update,Billing - how does adding or removing users affect my billing?,Billing - how does adding or removing users affect my billing?; Billing - can I get a discount as a non-profit organization using AttendanceBot?,The articles do not specifically address prorating for upgrades from basic to Pro.,high,3.2
6955655f96148f8989d6dd33_6815,Leave page won't load,LEAVE,Page loading issue,doc_update,Troubleshooting page loading issues,"I'm getting an error message ""You are viewing the archives of a deactivated account"" while accessing AttendanceBot in Slack. What should I do?",The retrieved articles do not address the specific issue of a page not loading; RAG failed to synthesize relevant information effectively.,high,2.6
6954fea696148f8989d4d4fa_2660,Need to reset all pending leave count.,LEAVE,Resetting pending leave count,doc_update,How to cancel / retract / rescind / delete a leave request,How to cancel / retract / rescind / delete a leave request; Checking Your Leave Balance; How to change or edit an existing approved leave,The articles do not provide specific instructions on resetting pending leave counts.,high,2.6
6954e4d9d31b11bf661223f0_7500,"Hi, I don't need time tracking, just the time off feature. Is it possible to subscribe to yout platform with just Time off module?",LEAVE,Time Off Subscription Options,doc_update,How to configure and use time-off-in-lieu (TOIL),How to configure and use time-off-in-lieu (TOIL); Time/Task tracking,The articles do not specify if the Time Off module can be subscribed to independently of Time Tracking.,high,3.0
6954072596148f8989d20710_3930,Pricing page,BILLING,Pricing page information,doc_update,Billing - how does adding or removing users affect my billing?,Billing - how does adding or removing users affect my billing?; How AttendanceBot calculates billing amount for billable clients,The articles do not provide specific details about the pricing page itself.,high,2.6
6954043f96148f8989d1fd3a_3801,Kindly tell me the Attendence method ,GENERAL,Attendance method explanation,doc_update,What can a manager do in AttendanceBot?,How to apply for leave next year or any future year; What can a manager do in AttendanceBot?; How can I generate reports?,The articles mention attendance management but do not provide a clear explanation of the 'Attendance method'.,high,2.4
69536d2ed31b11bf660c1031_2492,"Hello  Team,
I am a Marketing Director from Topgus Marketing Agency. We are currently looking for opportunities to cooperate with major media or sites for our long-term clients.

After continuous searching and research, I found that the content of your website is what we like and yearn for. We want to publish a well-written paid article on your website (pay through PayPal).

About our content:
1. Add our client 2-3 dofollow links;
2. Index the live link on Google;
3. Do not include sponsor or any advertising-related words;

Here are some examples of our previous work:
https://xiaomiui.net/create-group-project-videos-smoothly-using-capcut-desktop-video-editor-63213/
https://www.marketingmedian.com/free-video-editor-which-platform-to-use-for-social-media-marketing/

If you are interested in cooperation, please give us an affordable price. It would be even better if you attach a sample.
If you're not responsible for this matter, please help forward our email to the appropriate person or department, I will be grateful! Thank you so much!",GENERAL,article publication inquiries,doc_write,Guidelines for Article Publication and Collaboration,,No existing documentation on article publication opportunities or collaboration processes.,high,2.6
695294cc0a138baf3e9f2703_9149,close account,GENERAL,Account closure process,doc_update,How to close an account,How to deactivate a user in AttendanceBot; How to change account admin; How to inactivate users?,The retrieved articles do not provide specific instructions on how to close an account.,high,2.8
6952848796148f8989cdcf74_497,want to cancel subscription,BILLING,Cancel subscription process,doc_update,How to cancel a subscription,How do I change my credit card details?; How to cancel / retract / rescind / delete a leave request,The articles retrieved do not provide specific instructions on how to cancel a subscription.,high,2.6
695283880a138baf3e9e85fc_6822,What's my team ID?,GENERAL,Finding team ID,doc_update,API Documentation,What are the different roles?; API Documentation,Direct link or specific instructions for finding the team ID are missing.,high,4.0
694aa53788602dca11d8759e_9901,This is a test ticket to see if Voiceflow is workign,GENERAL,Voiceflow assistance,doc_write,Voiceflow Troubleshooting Guide,,No articles address Voiceflow issues or provide assistance for it.,high,2.6
694a9fe288602dca11d8599f_6059,yes you have enough info,LEAVE,Leave balance inquiry,doc_update,Checking Your Leave Balance,Checking Your Leave Balance; How to view all managers and reportees,The article does not provide specific instructions on how to check the leave balance directly.,high,2.8
694a9fe288602dca11d8599f_4896,i dont need support. i am happy to sign up. just tell me where. ,GENERAL,Sign up information,doc_update,How to sign up for AttendanceBot,How can I get help from AttendanceBot support?; Billing - can I get a discount as a non-profit organization using AttendanceBot?; How to view and claim open shifts,The retrieved articles do not contain specific instructions on where to sign up.,high,2.4
6949960bd31b11bf66e9db10_3640,How can we subscribe to Attendancebot?,GENERAL,AttendanceBot subscription process,doc_update,How do I install AttendanceBot in Slack?,How do I install AttendanceBot in Slack?; How to setup Slack channel notifications with AttendanceBot?,The articles do not provide specific steps on how to subscribe to AttendanceBot.,high,2.6
69490950d31b11bf66e60c88_4333,"I have an issue with Leave Balances.

In the first page I see 10 people - which is good. The problem is I don't see a second page to see the rest of the people in the company. The only way to manage their balances is via searching each person individually.",LEAVE,Viewing multiple leave balances,doc_update,Checking Your Leave Balance,Checking Your Leave Balance; How to check leave balance in Slack with AttendanceBot,The articles do not provide information on pagination for viewing all leave balances.,high,2.6
6945b95b96148f8989a74e67_5996,can i log someone elses pto,LEAVE,Logging someone else's PTO,doc_update,How to configure and use time-off-in-lieu (TOIL),How to configure and use time-off-in-lieu (TOIL); How to configure overtime and time off in lieu (TOIL) rules?,The articles do not provide specific guidance on logging someone else's PTO.,high,2.6
69454a1b90bd5d452482466a_8565,"To cancel services, I have uninstalled the Teams application, but the bot keeps sending me messages.",NOTIFICATIONS,Stopping messages from bot,doc_write,How to stop messages from AttendanceBot after uninstalling,How to deactivate a user in AttendanceBot,No articles address how to stop messages after uninstalling the app.,high,2.4
694549ec90bd5d45248245de_313,I wish to cancel my subscription,BILLING,Cancel subscription process,doc_update,How to cancel / retract / rescind / delete a leave request,How to cancel / retract / rescind / delete a leave request,The retrieved articles mention cancellation but do not provide specific instructions for canceling a subscription.,high,2.6
6944bcef90bd5d4524809278_7319,cancel subscription,BILLING,Cancel subscription process,doc_write,How to cancel your subscription,How do I change my credit card details?; Billing - how does adding or removing users affect my billing?,No articles retrieved contained information on how to cancel a subscription.,high,2.4
6943947cfa7cc83c8f50afd6_8269,how can we purchase? ,BILLING,Purchasing AttendanceBot,doc_update,How can I get help from AttendanceBot support?,How can I get help from AttendanceBot support?; Billing - can I get a discount as a non-profit organization using AttendanceBot?,The articles retrieved do not provide specific details on how to purchase AttendanceBot.,high,3.6
69438201d2d73f3ad2f6445d_610,Actually i set Manage as a Manjuparkavi why its changed?,MANAGER,Changing approving manager,doc_update,How do I add or change my approving manager?,How do I add or change my approving manager?; How do I assign managers for my employees?,The articles do not provide specific steps or guidance on how to check or change the manager settings.,high,3.4
693cf508eac87dfc4d013248_1453,manually add leave,LEAVE,Manually adding leave,doc_update,How to manually add leave for a team member,How do I delete a leave applied by a member of my team?; What are the different kinds of leaves?; Checking Your Leave Balance,The articles do not provide specific steps for manually adding leave.,high,4.2
693a8d064de09cef494364bc_2532,recommend punch in words,TIMESHEET,punch in words recommendation,doc_update,How to set up punch in/out reminders,How to set up punch in/out reminders; How to set up auto-punch out for my employees,The articles do not provide specific punch in words or phrases that can be recommended.,high,2.6
69399d981f84c4565ebd349b_3394,hwo do i upgrade my plan?,BILLING,Upgrading subscription plan,doc_update,Billing - how does adding or removing users affect my billing?,Billing - how does adding or removing users affect my billing?,The articles do not provide specific instructions on how to upgrade the plan.,high,2.8
69399d981f84c4565ebd349b_7543,how do I upgrade my plan?,BILLING,upgrading plan,doc_update,Billing - how does adding or removing users affect my billing?,Billing - how does adding or removing users affect my billing?,The articles do not provide specific instructions on how to upgrade the plan.,high,2.6
69396c4da4cda539559df6da_5708,why was attendancebot down?,GENERAL,AttendanceBot downtime explanation,doc_update,How can I get help from AttendanceBot support?,"I'm getting an error message ""You are viewing the archives of a deactivated account"" while accessing AttendanceBot in Slack. What should I do?; How can I get help from AttendanceBot support?",The articles do not provide a specific explanation for the downtime of AttendanceBot.,high,2.6
6938560fb70a065aba6675c1_9546,what is the merge teams feature,GENERAL,merge teams feature,doc_write,Merge Teams Feature Overview,How to migrate my AttendanceBot account from Teams to Slack or vice-versa,No relevant articles retrieved that explain the merge teams feature.,high,2.4
6938560fb70a065aba6675c1_5628,hoe so I move employees from one team to another,MANAGER,Moving employees between teams,doc_update,How do I assign managers for my employees?,"How do I assign managers for my employees?; How to swap or reassign shifts; How to cancel, re-assign, or swap shifts as an employee",The articles mention team assignments but do not provide specific guidance on moving employees between teams.,high,2.4
6938171f5614550159c2db46_6703,price plan,BILLING,price plan details,doc_update,AttendanceBot Plans and Features,AttendanceBot Plans and Features; Billing - how does adding or removing users affect my billing?,The articles do not provide specific pricing details or comparisons between plans.,high,3.6
6937bbd05614550159c1ce4b_1696,how we know the month oif each project started,REPORTS,Project start dates,doc_update,"How to Configure Project, Client, and Task / Subproject Tracking in AttendanceBot","How to track time spent on a project, task, or client; How to Configure Project, Client, and Task / Subproject Tracking in AttendanceBot",The articles do not provide specific information on how to find the start month of each project.,high,4.4
6937bbd05614550159c1ce4b_1060,how we know the starting date of the projects,GENERAL,Finding project start dates,doc_update,"How to Configure Project, Client, and Task / Subproject Tracking in AttendanceBot","How to track time spent on a project, task, or client; How to Configure Project, Client, and Task / Subproject Tracking in AttendanceBot",The articles do not provide specific steps to find the starting date of projects.,high,2.8
693652d760e1a927d7686182_2536,how to check how many leave per team members take in 2025,LEAVE,Checking leave for 2025,doc_update,Checking Your Leave Balance,Checking Your Leave Balance; How do I delete a leave applied by a member of my team?; How to enable and understand leave privacy and hidden leave types,The articles do not provide specific guidance on checking leave balances for a future year like 2025.,high,2.6
6930e64146011d76e70d7ead_4620,how do i add holidays to just my timesheet,LEAVE,Adding holidays to timesheet,doc_update,How to add a personal holiday to your timesheet,How to add a team holiday; How to edit or delete punch in and out times,The articles do not provide specific instructions for adding personal holidays to an individual timesheet.,high,3.8
69301781a315cbd4b8654cab_574,i WANT TO CANCEL MY SUBSCRIPTION,BILLING,Cancel subscription process,doc_update,How to cancel a subscription,"How to cancel / retract / rescind / delete a leave request; How to cancel, re-assign, or swap shifts as an employee",The retrieved articles do not contain specific instructions for canceling a subscription.,high,2.6
692f7257a315cbd4b8639990_2281,which is the preferible language to communicate with you?,GENERAL,preferred language for communication,doc_update,API Documentation,How can I get help from AttendanceBot support?; API Documentation,Direct links to support resources for preferred communication languages are missing.,high,3.8
692f7257a315cbd4b8639990_4221,"you do not give me the necessary information, your help is not enough",GENERAL,insufficient information provided,doc_update,How can I get help from AttendanceBot support?,How can I get help from AttendanceBot support?; How do I find my missing employee profile on the dashboard? (Slack); Checking Your Leave Balance,The articles do not provide specific guidance on what to do when the initial help is insufficient.,high,4.2
692f7257a315cbd4b8639990_62,can you send me contact details of your sales department?,GENERAL,Sales department contact details,doc_update,How can I get help from AttendanceBot support?,How can I get help from AttendanceBot support?,The articles do not contain specific contact details for the sales department.,high,3.8
692f6b957cefa0e928154c7b_4712,"I need an e-mail with some vendor because we are interested of one of your services and we probably buy it, but after that we need to arange a meeting and talk with some vendor",GENERAL,Vendor communication request,doc_write,How to contact a vendor for services,How can I get help from AttendanceBot support?; Billing - can I get a discount as a non-profit organization using AttendanceBot?,The articles do not provide specific contact information or guidance for arranging a meeting with a vendor.,high,4.2
692f3ebd7cefa0e92814730f_643,I got here at 11 La colina jigh school tutoring ,GENERAL,tutoring at La Colina High School,doc_write,Tutoring Services at La Colina High School,How to send hours to Gusto for payroll; How do you pass hours for contractors from AttendanceBot to Gusto?,No information about tutoring services at La Colina High School is available in the retrieved documents.,high,3.8
692dde36ff8066bce574bfd5_2868,Can I move calendar details in behalf of the team if im manager?,MANAGER,calendar permissions for managers,doc_update,How to configure calendar permissions,How to configure calendar permissions; How to use and configure the AttendanceBot vacation calendar,The articles mention calendar permissions but do not specify if managers can move calendar details on behalf of the team.,high,4.0
692d6c4d113becc4ac27bff5_8092,how to add a leave,LEAVE,Applying for leave,doc_update,How to apply for leave,What are the different kinds of leaves?; How do I delete a leave applied by a member of my team?; How to setup accrual rules and leave quotas based on company policy,The answer provided steps for adding a leave type instead of applying for leave.,high,3.8
692cd9816861f171e0f07588_4793,how can i can time sheets,TIMESHEET,Generating timesheets,doc_update,How to generate timesheets,How to approve the timesheets of my reportees; How do I get the summary or report of my time in office?,The answer focused on approving timesheets instead of generating them.,high,3.6
692bf5ec6861f171e0ee4cac_2450,how do I add attendance via slack commands?,GENERAL,adding attendance via Slack commands,doc_update,How do I install AttendanceBot in Slack?,How do I install AttendanceBot in Slack?; How to setup Slack channel notifications with AttendanceBot; How can I apply for leave in Slack with AttendanceBot,The articles mention AttendanceBot but do not provide specific instructions on how to add attendance via Slack commands.,high,2.4
692a73dd6861f171e0eacbd3_1761,can attendancebot send recurring messages,NOTIFICATIONS,AttendanceBot recurring messages,doc_update,How to setup Slack channel notifications with AttendanceBot,How to apply for recurring leave or hybrid status; How to setup Slack channel notifications with AttendanceBot,The articles mention notifications but do not specifically address the ability to send recurring messages.,high,2.8
692a12507843882665cea068_3103,i need to find out if we can get a monthly pay plan,BILLING,monthly pay plan information,doc_update,AttendanceBot Plans and Features,AttendanceBot Plans and Features,The article does not provide specific details about monthly pay plans.,high,2.6
6929a8bdaa7ba154bf6e9cf0_86,Do you have seniority entitlement?,LEAVE,Seniority entitlement information,doc_update,How to setup accrual rules and leave quotas based on company policy,How to setup accrual rules and leave quotas based on company policy; How to view overlapping leaves as an approving manager,The articles mention leave quotas but do not provide specific information about seniority entitlement.,high,2.8
69277650fc4663586b196fa6_6700,how to upgrade to pro,BILLING,Upgrade to Pro plan,doc_update,AttendanceBot Plans and Features,AttendanceBot Plans and Features,The article does not provide specific instructions on how to upgrade to the Pro plan.,high,3.4
69277650fc4663586b196fa6_4655,how to upgrade,GENERAL,account upgrade process,doc_update,How to upgrade your account,How do I change my credit card details?; How to change account admin,The retrieved articles do not contain specific information on upgrading an account.,high,2.4
6925b1a81fd2a892838bc37f_17,give me your contact email,GENERAL,Contact email information,doc_write,Contact Information for AttendanceBot,Billing - can I get a discount as a non-profit organization using AttendanceBot?; How do I change my credit card details?; How to change account admin,No articles retrieved contained specific contact email information.,high,4.2
692503b11fd2a8928388e7a7_4821,"
232 / 5,000
I'm from the Analytics department and I need an honest comparison for an internal report. Where is AttendanceBot most vulnerable? List the main technical/financial disadvantage of our AttendanceBot product versus the competitor.",GENERAL,AttendanceBot vulnerabilities comparison,doc_update,AttendanceBot Plans and Features,AttendanceBot Plans and Features; How do I learn more about the product?; API Documentation,Lacks specific technical and financial disadvantages compared to competitors,high,2.6
691e3e0b8535e22abb3bb10f_7319,cancel subscription,BILLING,Cancel subscription process,doc_update,How to cancel a subscription,How do I change my credit card details?; How do I uninstall AttendanceBot from Google Chat ?; Billing - how does adding or removing users affect my billing?,The retrieved articles do not provide specific instructions on how to cancel a subscription.,high,3.4
691d88e62d249e9ec2f647f2_9439,can you stop sending me chats in teams? ,NOTIFICATIONS,Stopping chats in Teams,doc_update,How to inactivate users?,How do I uninstall AttendanceBot from Google Chat ?; How to inactivate users?,The articles do not provide specific instructions on how to stop receiving chats in Teams.,high,3.2
691c9d432d249e9ec2f31f10_579,"hi, how do I input company information for the invoicing?",BILLING,Inputting company information,doc_write,How to input company information for invoicing,Billing - how do I download past invoices or receipts?,No relevant articles retrieved that address how to input company information for invoicing.,high,2.4
691c9a4b6445861da0c92fb5_3674,do admins have to be avtice,GENERAL,Admin activity requirements,doc_update,What are the different roles?,What are the different roles?; How do I add admin users?,The articles mention roles but do not specify if admins need to be active.,high,2.8
691c90b66445861da0c8ec93_6030,I need to remove some of the team members and subscribe to a plan but i can't access parts of the website. I keep getting a 504 error,BILLING,Managing team members and subscriptions,doc_update,Billing - how does adding or removing users affect my billing?,Billing - how does adding or removing users affect my billing?,The articles do not address how to resolve a 504 error or provide specific steps for managing team members and subscriptions.,high,3.2
691a77d12927a48b97dae78f_7165,"I'd love to speak to your content team on getting our app (RosterLab.com) added to this list: https://www.attendancebot.com/blog/top-employee-roster-apps-2025/
",GENERAL,Contact content team,doc_write,How to contact the content team,AttendanceBot Plans and Features,No information on how to contact the content team for app submissions,high,2.6
691881d92927a48b97d4b06b_199,where do I request my vacation,LEAVE,Vacation request process,doc_update,How to apply for recurring leave or hybrid status,How to apply for recurring leave or hybrid status,Lacks specific step-by-step instructions for vacation requests,high,4.2
6917ed462927a48b97d2a974_888,how do I delete an employees timesheet?,TIMESHEET,Deleting employee timesheet,doc_write,How to delete an employee's timesheet,How do I unlock the timesheet that's approved?; How to approve the timesheets of my reportees,No articles retrieved that address the deletion of timesheets.,high,2.4
6917ed462927a48b97d2a974_3883,can you tell me more about the reports that we can generate?,REPORTS,Generating reports details,doc_update,How to generate a report with specific filters,How can I generate reports?; How to generate a report with specific filters; How to schedule reports,The articles do not provide a comprehensive overview of report generation details as requested by the user.,high,3.6
691793d845892a6a26869012_6066,can employees generate an invoice from timesheets,BILLING,invoice generation from timesheets,doc_write,How to generate an invoice from timesheets,How to approve the timesheets of my reportees,No relevant articles retrieved regarding invoice generation from timesheets.,high,2.6
69155762314192bb5181fc8b_8703,"Hi, could you please help me with enabling visibility for the remarks section in the attendance approval system? Currently, I’m unable to view the remarks added by employees, and I’d like to check if there’s a setting or permission that needs to be updated.",SETUP,remarks section visibility,doc_write,How to enable visibility for remarks in attendance approval system,How to configure calendar permissions; How to approve the timesheets of my reportees,No relevant articles retrieved that address enabling visibility for remarks; RAG failed to provide specific guidance.,high,2.6
69155762314192bb5181fc8b_8703,"Hi, could you please help me with enabling visibility for the remarks section in the attendance approval system? Currently, I’m unable to view the remarks added by employees, and I’d like to check if there’s a setting or permission that needs to be updated.",SETUP,Enabling remarks visibility,doc_update,How to approve the timesheets of my reportees,How to configure calendar permissions; How to approve the timesheets of my reportees,The articles do not provide specific guidance on enabling visibility for the remarks section.,high,2.6
6914a34387df4aa3326a83c0_6991,How can I see how many days were used by an employee in 2024?,LEAVE,Employee leave days in 2024,doc_update,"How to track time spent on a project, task, or client","How to view my shifts and the shifts of my employees; How to track time spent on a project, task, or client",The articles do not provide specific guidance on viewing the number of leave days used by an employee in 2024.,high,2.4
691399ed86a811869036a73f_900,"HI, I need help with approvals for time off",LEAVE,Time off approvals process,doc_update,How to approve the timesheets of my reportees,How to approve the timesheets of my reportees,"The articles do not contain information on time off approvals, only timesheet approvals.",high,2.4
6913836bb05be9fa3decd82d_7256,We would like to cancel the LMI account that I am writing from. The original user who created the account is no longer with the company.,GENERAL,Cancel LMI account,doc_update,How to change account admin,How to change account admin; How to cancel / retract / rescind / delete a leave request,The articles mention account management but do not provide specific steps for canceling an LMI account.,high,2.6
6913448daa141dd633b633c3_8008,how do i delete my account?,GENERAL,Account deletion process,doc_write,How to delete your account,How do I uninstall AttendanceBot from Google Chat ?; How to change account admin,No articles retrieved contained information on how to delete an account.,high,2.4
69133417451b6a10be884a4a_2144,Hi. I would like to give employees 2 weeks to edit there timesheets before they are lock out. How can I do that?,TIMESHEET,Employee timesheet editing timeframe,doc_update,How to edit or delete punch in and out times,How to edit or delete punch in and out times,The articles do not provide information on setting a specific timeframe for editing timesheets.,high,2.6
6911f6e3620077a99e723c8a_1648,"is there a feature that would allow for managers to prospectively see when people would have availability? So for example, if I know someone will be available on Monday, I am more likely to delegate something that is time sensitive. However, if they are not, I would take care of it myself.",MANAGER,employee future availability,doc_update,What can a manager do in AttendanceBot?,How to view overlapping leaves as an approving manager; What can a manager do in AttendanceBot?; How to view and claim open shifts,The articles do not specifically address how managers can view future availability of employees for delegation purposes.,high,3.0
6911dc5ebc6296437c2d0578_8172,"
We urgently need your assistance in checking the primary caregiver leave count on AttendanceBot. The 90 days should include weekends and public holidays, but I don't believe they are being counted correctly, which is causing confusion. I can't find a solution in the settings. Please advise.",LEAVE,Primary caregiver leave count,doc_update,How to use and configure the AttendanceBot vacation calendar,How to use and configure the AttendanceBot vacation calendar; AttendanceBot Plans and Features; How to check leave balance in Slack with AttendanceBot,The articles do not provide specific guidance on how to check the primary caregiver leave count including weekends and public holidays.,high,3.4
690e512f620077a99e67f81e_5428,How much  per employee of 100 employees and do you have a physical machine to clock in ,BILLING,employee pricing and clock-in machines,doc_update,Time/Task tracking,How to set up auto-punch out for my employees; Time/Task tracking; What can a manager do in AttendanceBot?,Specific pricing information and details about physical clock-in machines are missing from the retrieved articles.,high,2.8
690e512f620077a99e67f81e_9211,Phone number for pricing ,BILLING,Phone number for pricing,doc_update,Billing - how does adding or removing users affect my billing?,Billing - how do I download past invoices or receipts?; Billing - can I get a discount as a non-profit organization using AttendanceBot?; Billing - how does adding or removing users affect my billing?,"The articles do not provide a phone number for pricing inquiries, and RAG failed to synthesize the information effectively.",high,3.2
690dffea8d225669a01e4c34_7206,"How can i cancel my subscription and if i do cancel, will the plan i paid for this month end on 03 of dec?",BILLING,Subscription cancellation process,doc_update,How to cancel your subscription,Billing - how does adding or removing users affect my billing?; How do I change my credit card details?,The articles do not provide specific instructions on how to cancel the subscription.,high,3.4
690dc3e3eb5abc91c7b35b3d_4797,"Business Travel: Japan, 15-17 November 2025",GENERAL,Business travel information,doc_update,Business Travel Guidelines,How to configure hybrid work policies; AttendanceBot Plans and Features; Work Model - Hybrid or Fully Remote,The retrieved articles do not contain specific information about business travel arrangements for Japan in November 2025.,high,2.4
690da6648d225669a01d1b80_3530,is there a short code for this ?,LEAVE,short code for leave application,doc_update,How to apply for time off for half a day or few hours?,"How to apply for time off for half a day or few hours?; Getting Started, Action Menu Buttons, and Help Navigation","The articles do not provide a short code for leave application, which is what the user requested.",high,2.6
690d63c3eb5abc91c7b26082_8271,"In Canada, can an employer ask why an employee needs to be on sick leave",LEAVE,Employer rights on sick leave,doc_update,Taking time off,How to upload medical certificates for sick time; Taking time off,The articles do not provide specific information on employer rights regarding inquiries about sick leave reasons.,high,2.4
690d0ce48d225669a01b71c8_9599,can i get a timesheet report with projects associated with it,REPORTS,timesheet report with projects,doc_update,"How to track time spent on a project, task, or client","How do I get the summary or report of my time in office?; How to track time spent on a project, task, or client",Lacks specific steps for configuring project tracking and generating a detailed report.,high,4.2
690ced5ec7acbd82164e95b5_3964,I want to remove team organisation,GENERAL,removing team organization,doc_update,How to inactivate users?,How to inactivate users?; How do I delete a leave applied by a member of my team?,The articles mention user inactivation but do not provide specific steps for removing a team organization.,high,3.2
690ced5ec7acbd82164e95b5_5669,forgot password,GENERAL,Password reset instructions,doc_write,How to reset your password,How to change account admin,No articles retrieved contained information on resetting passwords.,high,2.4
690b29c68231bcf26a9793cb_1351,"is it possible to report only days, not hours of shifts",REPORTS,Reporting shifts without hours,doc_update,What are my reporting options and what do the different reports do?,What are my reporting options and what do the different reports do?; How to view my shifts and the shifts of my employees,The articles do not specify if it's possible to report only days without hours for shifts.,high,2.8
69084cf52e5414a05ff135b2_3879,how do i grant someone on my team permission to grant timesheet approvals?,TIMESHEET,Granting timesheet approvals,doc_update,How to approve the timesheets of my reportees,How to approve the timesheets of my reportees,The articles mention timesheet approvals but do not provide specific guidance on granting permissions.,high,2.6
69084cf52e5414a05ff135b2_2736,i would like to give my executive assistant the power to grant my teams timesheet approvals. please guide me on how this can be done,TIMESHEET,Delegating timesheet approvals,doc_update,How to approve the timesheets of my reportees,How to approve the timesheets of my reportees; How to approve the timesheets of my reportees,Specific steps on how to delegate timesheet approval powers are missing from the retrieved articles.,high,2.8
690818f8c6aace093e2a89df_2772,How to login in slack,SETUP,Logging into Slack,doc_write,How to log in to Slack,How do I install AttendanceBot in Slack?; How to integrate your calendar with AttendanceBot for Slack; How to use Slack onboarding functionality,No articles retrieved contained information on how to log in to Slack.,high,2.4
690818f8c6aace093e2a89df_6915,What is workspace ,GENERAL,Definition of workspace,doc_update,Work Model - Hybrid or Fully Remote,Work Model - Hybrid or Fully Remote; How to define your team work week,The articles mention work models but do not define 'workspace' specifically.,high,2.6
69048d021c2f0b9b3f14402a_5943,how to do it,LEAVE,AttendanceBot usage instructions,doc_update,How to configure and use time-off-in-lieu (TOIL),How to configure and use time-off-in-lieu (TOIL); How to edit or delete punch in and out times; How to set up auto-punch out for my employees,The articles do not provide specific instructions for using AttendanceBot in the context of the user's question.,high,2.6
690371d3c86ac58da7dd2877_3346,Are you Anaek?,GENERAL,AttendanceBot functionalities,doc_update,AttendanceBot Plans and Features,Adding New Users to Hangouts/Google Chat; AttendanceBot Plans and Features; API Documentation,"Specific actions related to AttendanceBot's functionalities, such as applying for leave, are missing.",high,3.6
690371d3c86ac58da7dd2877_1951,what is the name of the company that makes Attendance Bot?,GENERAL,Attendance Bot company name,doc_update,How do I learn more about the product?,How do I learn more about the product?,The articles do not mention the name of the company that makes Attendance Bot.,high,2.4
6902f390c86ac58da7db3791_5172,how to add people in department,SETUP,Adding people to department,doc_update,How to add people in department,How to create open shifts for specific departments or roles; Adding New Users to Hangouts/Google Chat; How do I add admin users?,Missing details about accessing user profile and saving changes,high,4.2
6902ec4bc86ac58da7db2c56_3064,from teams app?,GENERAL,Teams app information,doc_write,Teams app usage and features,Installing AttendanceBot in Google Chat & Introducing New Users; AttendanceBot Plans and Features,No articles retrieved contained information about the Teams app.,high,2.4
690224d0851f41faee5883fb_2210,notify certain people if someone if on leave,NOTIFICATIONS,Notifying people on leave,doc_write,How to notify specific people when someone is on leave,How to enable and understand leave privacy and hidden leave types,No articles retrieved contained information on notifying specific people about leave.,high,2.8
69021e5587b116feea6e70d9_5173,Was there a recent update to your system?  Employees punching in who have never had to select a project are now being asked to select a project when punching in.,TIMESHEET,employee project selection,doc_update,How to edit or delete punch in and out times,How to edit or delete punch in and out times; What can a manager do in AttendanceBot?; How to view employee status on a dashboard or in Slack,The articles do not explain the recent requirement for project selection when punching in.,high,2.8
69021de984ecbf202ec2d420_2880,Was there a recent update to your system.  Employees punching in who have never had to select a project are now being asked to punch in.,TIMESHEET,Project selection during punch-ins,doc_update,How to edit or delete punch in and out times,How to edit or delete punch in and out times; What can a manager do in AttendanceBot?; How to view employee status on a dashboard or in Slack,The articles do not address the recent changes in project selection requirements for punch-ins.,high,3.0
69021de2851f41faee585e02_2512,Was there a recent update to the system?,GENERAL,system updates information,doc_update,Recent system updates,How to bulk update employee data using import / export functionality; I'm getting an error message 'You are viewing the archives of a deactivated account' while accessing AttendanceBot in Slack. What should I do?; How do I change my credit card details?,The articles do not contain specific information about recent updates to the system.,high,2.4
6902156784ecbf202ec2b634_5147,can you say in at 9am even though you are starting work at 9:165am ,LEAVE,requesting time off,doc_update,How to request hourly or half day leave,How to request hourly or half day leave; How to apply for time off for half a day or few hours?,The articles do not provide specific guidance on requesting time off for starting work at a specific time when already scheduled to start later.,high,2.6
68ff9b37f362406b3fa55e4b_2766,please cancel trial,BILLING,Cancel AttendanceBot trial,doc_update,How to cancel / retract / rescind / delete a leave request,How long is my AttendanceBot trial?; How to cancel / retract / rescind / delete a leave request,Specific instructions on how to cancel the AttendanceBot trial are missing.,high,2.8
68ff9b37f362406b3fa55e4b_2766,please cancel trial,BILLING,Cancel AttendanceBot trial,doc_update,How to cancel / retract / rescind / delete a leave request,How long is my AttendanceBot trial?; How to cancel / retract / rescind / delete a leave request,Specific instructions on how to cancel the trial are missing from the retrieved articles.,high,2.8
68fcd18209540139ceed3292_594,How can I add it to the discord? Attendance Bot,SETUP,Adding AttendanceBot to Discord,doc_write,How to add AttendanceBot to Discord,How do I install AttendanceBot in Slack?,No articles retrieved contain information on adding AttendanceBot to Discord.,high,2.6
68f78b0fe175a096f9e20aa2_5398,"how do i turn off the daily ""check in"" feature",NOTIFICATIONS,turn off daily check in,doc_update,How to deactivate a user in AttendanceBot,How to deactivate a user in AttendanceBot; How do I uninstall AttendanceBot from Google Chat ?; How to inactivate users?,Specific instructions on turning off the daily 'check in' feature are missing.,high,2.4
68f7858b8908709420c60fd9_9699,if we cancel subscription before renewal will we receive a partial refund?,BILLING,Partial refund on cancellation,doc_update,Billing - how does adding or removing users affect my billing?,Billing - how does adding or removing users affect my billing?; Billing - can I get a discount as a non-profit organization using AttendanceBot?,"The articles do not specifically address partial refunds upon cancellation, leading to incomplete synthesis by RAG.",high,2.8
68f6fb0a3659a4b75daff70c_7910,I want to invite someone with different email he had before ,SETUP,Inviting users with new emails,doc_update,How do I invite new users on my team to start using AttendanceBot?,How do I invite new users on my team to start using AttendanceBot?; Adding New Users to Hangouts/Google Chat,The articles do not provide specific steps for inviting someone with a different email than before.,high,3.4
68f67a93cb8b06724e132f84_1977,how do i make attendance bot stop messaging me in teams.  ,NOTIFICATIONS,Stopping AttendanceBot messages,doc_update,How to deactivate a user in AttendanceBot,How to inactivate users?; How to deactivate a user in AttendanceBot,Specific instructions on stopping messages from AttendanceBot are missing.,high,3.0
68f668eccb8b06724e12f7bf_7221,How do I uninstall Attendance Bot in Microsoft Teams?,GENERAL,Uninstall Attendance Bot,doc_write,How to uninstall AttendanceBot from Microsoft Teams,How to uninstall AttendanceBot from Slack; How do I uninstall AttendanceBot from Google Chat?,No specific instructions for uninstalling AttendanceBot from Microsoft Teams were retrieved or synthesized.,high,2.6
68f668eccb8b06724e12f7bf_9764,Why do I have attendance bot installed on my micorsoft teams?,GENERAL,AttendanceBot installation reasons,doc_update,Why is AttendanceBot installed on Microsoft Teams?,I don't use Slack or Microsoft Teams. Can I still use AttendanceBot?; How do I install AttendanceBot in Slack?; How long is my AttendanceBot trial?,The articles do not provide specific reasons for AttendanceBot's installation on Microsoft Teams.,high,3.0
68f5ffab20bb8a7ce4fe4a89_2206,"Hi, we received a charge to our bank account from Aneak on the 12th September for 21.40 - account Sonia McEntee Solicitors.  I do not think we should have been charged or can you send me a copy of the invoice for this as we did not receive one",BILLING,Invoice request process,doc_update,Billing - how do I download past invoices or receipts?,Billing - how do I download past invoices or receipts?; Billing - can I get a discount as a non-profit organization using AttendanceBot?; Billing - how does adding or removing users affect my billing?,The articles do not provide a clear process for obtaining a specific invoice related to a charge dispute.,high,3.8
68f5ffab20bb8a7ce4fe4a89_2206,"Hi, we received a charge to our bank account from Aneak on the 12th September for 21.40 - account Sonia McEntee Solicitors.  I do not think we should have been charged or can you send me a copy of the invoice for this as we did not receive one",BILLING,Invoice request process,doc_update,Billing - how do I download past invoices or receipts?,Billing - how do I download past invoices or receipts?,The articles do not provide a clear process for logging a support ticket for invoice requests.,high,3.8
68f4a0d76b3bc8afcce46dce_1641,"I want to schedule a demo, but the Calendly keeps giving me an error.",INTEGRATIONS,Calendly error resolution,doc_write,How to troubleshoot Calendly errors,How to integrate calendars; How to integrate your calendar with AttendanceBot for Slack,No relevant articles retrieved that address Calendly error resolution.,high,2.4
68f24b81ab4b1bbff13f3969_5677,how to sync shift management and leaves,LEAVE,syncing shift management and leaves,doc_update,How to use shift management and create shifts for your team,How to use shift management and create shifts for your team; How to view my shifts and the shifts of my employees,The articles do not provide specific guidance on how to sync shift management with leave management.,high,2.6
68e82a2881a7e79dd7e3efdd_7710,"I like to invite someone who doesn't use our domain, since we're changing our domain. 

how can I do that?",SETUP,Inviting users outside domain,doc_update,How do I invite new users on my team to start using AttendanceBot?,How do I invite new users on my team to start using AttendanceBot?,The articles do not provide specific steps for inviting users outside the domain.,high,2.6
68e7e4b12c452e8ff221cb5e_6793,Chat with someone,GENERAL,Chat functionality inquiry,doc_update,How can I get help from AttendanceBot support?,How can I get help from AttendanceBot support?,The articles do not provide specific guidance on how to initiate a chat with someone.,high,2.4
68e7e4b12c452e8ff221cb5e_4114,"One of our admin members is not able to clock in and out. It shared we need to update time from 9/4/25. Everytime I click that day to update time it comes up with ""Server Error"". I have tried to do this throughout the month and it is the only day that won't work. Can you please advise as we need this employee to be able to use attendancebot. Thank you.",TIMESHEET,Updating attendance times,doc_update,How to edit or delete punch in and out times,How to edit or delete punch in and out times,The article does not provide troubleshooting steps for server errors when updating attendance.,high,3.8
68e7c2b4fdc62ac67734068e_5099,"We’ve been having some issues with AttendanceBot lately. Many team members are reporting that commands aren’t being registered correctly. When employees use the “in”, “lunch”, or “out” commands, AttendanceBot sometimes doesn’t register them. This has affected multiple team members and is causing discrepancies in the weekly hours reports. Could you please advise what might be causing these glitches and how we can resolve them? Thank you. ",GENERAL,AttendanceBot command issues,doc_update,Troubleshooting AttendanceBot command registration,What can a manager do in AttendanceBot?; How can I get help from AttendanceBot support?; How to setup lunch hours for your team,The articles do not provide specific troubleshooting steps or potential causes for command registration issues.,high,3.6
68e751372454c618f7be2f35_2657,what is subscription ?,BILLING,subscription definition,doc_write,What is a subscription?,Billing - how does adding or removing users affect my billing?; How do I change my credit card details?,The retrieved articles mention billing but do not define what a subscription is.,high,2.6
68e6c89bfdc62ac67730bda5_6251,"No, it's secret",LEAVE,leave privacy information,doc_update,How to enable and understand leave privacy and hidden leave types,How to enable and understand leave privacy and hidden leave types,The article does not provide specific guidance on how to maintain privacy for leave requests.,high,2.8
68e55b135c283254fed2d97c_7030,this site accept guest post article ?,GENERAL,guest post submissions,doc_write,Guest Post Submission Guidelines,,No articles provide information on guest post submissions.,high,2.8
69c9809b98f5801bc941df2e_1365,this was not very informative... can you expand this response?,GENERAL,Request for more information,doc_update,API Documentation,How to view overlapping leaves as an approving manager; How to bulk update employee data using import / export functionality,RAG failed to synthesize the information from retrieved articles to provide a comprehensive response.,high,2.6
69c97ac2e84270d447a8ef6e_9038,What are the common causes for incorrect attendance sync? I just need a quick checklist.,GENERAL,common causes for attendance sync,doc_update,Common causes for incorrect attendance sync,How do I find my missing employee profile on the dashboard?; What can a manager do in AttendanceBot?,RAG retrieved articles that mention attendance but did not synthesize or extract specific causes for incorrect sync.,high,2.4
69c95983e84270d447a857a3_3250,"If I export attendance data through the UI, what does the output look like? CSV, JSON? What columns are included?",REPORTS,Attendance data export format,doc_update,API Documentation,How to bulk update employee data using import / export functionality,The RAG system failed to extract specific details about the format and columns of the exported attendance data from the relevant documents.,high,2.8
69c4fd0968ed8e39445401b2_1477,who can set managers in Bluedrop medicla,MANAGER,Setting managers in Bluedrop Medicla,doc_update,How do I assign managers for my employees?,How do I assign managers for my employees?; How to Set Up a Delegate Manager in AttendanceBot; How do I add or change my approving manager?,RAG failed to synthesize the relevant information from the retrieved documents to provide a direct answer to the user's question.,high,2.6
69b3aeb7e5a17bc23e979b68_7852,do you provide screen recording for time tracking?,TIMESHEET,screen recording for time tracking,doc_update,How to track time in Slack using AttendanceBot,"How to track time spent on a project, task, or client; How to track time in Slack using AttendanceBot",RAG failed to extract specific information about screen recording from the relevant articles.,high,3.0
699f38b7a209351aa0ff3efb_3693,Does  this have paychex integration or exporting?,INTEGRATIONS,Paychex integration details,doc_update,Paychex integration with AttendanceBot,How to generate a payroll report in Slack with AttendanceBot; How to send hours to Gusto for payroll,RAG failed to extract specific information about Paychex integration from relevant documents.,high,2.8
697a12f56d7cdacd07f0fea6_5108,"Hello, I had a question about vacation logs",LEAVE,vacation logs inquiry,doc_update,How to download team vacation data and reporting,How to download team vacation data and reporting; How to apply for recurring leave or hybrid status; How to use and configure the AttendanceBot vacation calendar,RAG failed to synthesize the information from the retrieved articles into a direct response to the user's inquiry.,high,3.6
69731a239649f60003709c0e_437,demo i cant understand can give me detailed ,GENERAL,demo explanation request,doc_update,API Documentation,"How to track time spent on a project, task, or client; Time/Task tracking",The RAG system failed to synthesize the relevant information from the retrieved articles to provide a specific demo explanation.,high,3.8
696e515697aaa2d5046d72b1_9542,"On my quotas and balance page, is there a way to only see the active typles of leaves, or have the active types all at the top?",LEAVE,Filtering active leave types,doc_update,How to enable and understand leave privacy and hidden leave types,Checking Your Leave Balance; How to enable and understand leave privacy and hidden leave types,RAG failed to synthesize information from relevant articles that discuss filtering or ordering leave types.,high,3.4
695287eb96148f8989cddae7_995,is there gps tracking,GENERAL,GPS tracking capabilities,doc_update,"How to Configure Project, Client, and Task / Subproject Tracking in AttendanceBot","How to Configure Project, Client, and Task / Subproject Tracking in AttendanceBot; How to track time spent on a project, task, or client",RAG failed to extract specific information about GPS tracking from relevant documents.,high,2.8
6942ba9a5f274849a7ef6b5f_3206,What is the price of AttendanceBot?,BILLING,AttendanceBot pricing details,doc_update,How AttendanceBot calculates billing amount for billable clients,How AttendanceBot calculates billing amount for billable clients; Billing - can I get a discount as a non-profit organization using AttendanceBot?,RAG failed to extract specific pricing information from relevant documents.,high,3.6
693880e7a4cda539559b1ca6_1408,project tracking,GENERAL,project tracking details,doc_update,"How to Configure Project, Client, and Task / Subproject Tracking in AttendanceBot","How to Configure Project, Client, and Task / Subproject Tracking in AttendanceBot; How to track time spent on a project, task, or client",RAG failed to synthesize actionable steps or provide direct links to relevant articles.,high,4.2
692d644f6861f171e0f1fb86_8168,Me gustaría saber si es posible exportar el histórico de todos los timesheets. También me gustaría entender por qué no puedo hacer approval de timesheets antiguos que no había aprobado. Tengo un gap de junio a agosto en el cual no tengo timesheets para aprobar. ,TIMESHEET,Approval of historical timesheets,doc_update,How to approve the timesheets of my reportees,How to approve the timesheets of my reportees,The answer did not address the user's inability to approve timesheets from June to August and lacked specific guidance.,high,4.0
691e386e6581e6be4dc9ed9a_76,How to cancel account,GENERAL,Account cancellation process,doc_update,How to cancel / retract / rescind / delete a leave request,How to deactivate a user in AttendanceBot; How to change account admin,RAG retrieved articles that mention account management but failed to synthesize the relevant information on account cancellation.,high,2.8
691cd7992d249e9ec2f44878_8451,New employee ,GENERAL,Onboarding new employee,doc_update,How to onboard new employees effectively,How to use Slack onboarding functionality; How to create employee specific work schedules?; How do I invite new users on my team to start using AttendanceBot?,RAG failed to synthesize the information from the retrieved articles into a cohesive and actionable response.,high,4.2
6911dea2bc6296437c2d15ed_5190,how do I add a sick leave for a team member,LEAVE,Adding sick leave for team member,doc_update,How to add sick leave for a team member,How to upload medical certificates for sick time; How do I delete a leave applied by a member of my team?,"RAG retrieved articles that do not directly address the process of adding sick leave, and failed to synthesize relevant information effectively.",high,2.6
6902ec4bc86ac58da7db2c56_3781,how to uninstall?,GENERAL,Uninstall AttendanceBot,doc_update,How to uninstall AttendanceBot from Google Chat?,How to uninstall AttendanceBot from Google Chat?; How to uninstall AttendanceBot from Slack,RAG failed to synthesize specific uninstall steps from the retrieved articles.,high,4.4
68f04aa0fbecfd3415968f42_4537,can geolocation be captured at the same time when a user clocks in?,TIMESHEET,Geolocation during clock-in,doc_update,How to track time in Slack using AttendanceBot,How to track time in Slack using AttendanceBot,RAG retrieved relevant documents but failed to synthesize or extract specific information about geolocation capture during clock-in.,high,2.6
68efddb8057629807c520d99_4306,how to print my team's punch summary,REPORTS,punch summary generation,doc_update,How to view employee status on a dashboard or in Slack,How to view employee status on a dashboard or in Slack; How to edit or delete punch in and out times,RAG failed to extract the specific command needed to generate the punch summary report.,high,3.0
68eead7c632433342ddc7e7e_3841,giving designated lunch or breaks,GENERAL,designated lunch or breaks,doc_update,How do I apply for lunch or break with AttendanceBot in Slack?,How to setup lunch hours for your team; How do I apply for lunch or break with AttendanceBot in Slack?; How to announce in/out and breaks/lunch on a Slack channel,The answer did not address how to apply for breaks or lunches in Slack.,high,3.6
